Samsung Galaxy A54 5G 128GB SM-A546 50 MP (Unlocked T-Mobile AT&T) 2Day Fedex,$219.99 to $259.99,33.91
Samsung Galaxy A53 5G 128GB Black SM-A536 Unlocked T-Mobile AT&T FedEx 2 Day,$179.99 to $249.99,25.00
Samsung Galaxy S21 | S21+ Plus 5G - 128GB - Unlocked | Verizon | T-Mobile | AT&T,$204.95 to $299.95,34.47
"Samsung Galaxy A23 5G SM-A236U, 64GB, Black Unlocked/ Locked T-Mobile AT&T",$79.99 to $139.99,29.75
Samsung Galaxy A14 Dual Sim - 128GB - Unlocked - 4G / 5G -Smartphone All Colours,$137.90 to $202.46,25.50
New ListingSamsung Galaxy S22 Ultra SM-S908U1 - 128GB - Black (Unlocked),$8.50,36.29
Samsung Galaxy S9 G960U GSM Factory Unlocked 64GB Smartphone - Image Burn,$99.99,29.01
Samsung Galaxy S21 5G SM-G991U Factory Unlocked 128GB Phantom Gray C,$174.99,31.22
BRAND NEW Samsung Galaxy S21+ Plus 5G G996U 128GB GSM+CDMA Factory Unlocked,$319.99,36.27
Samsung Galaxy S21 5G Unlocked G991U 128GB Android Smartphone Very Good,$212.00,32.32
Samsung Galaxy S10 - 128GB - Unlocked SIM - SM-G973U - Fully Working! Nice!,$127.50,29.82
Samsung Galaxy S23 Ultra 5G SM-S918B/DS 256GB 8GB Dual SIM Unlocked GSM Global,$874.99,52.65
Samsung Galaxy A04E (A042F) 32GB GSM Unlocked International Version (New),$87.99,28.66
Samsung Galaxy S20 | S20+ | S20 FE | S20 Ultra 5G 128GB - Unlocked Verizon AT&T,$154.95 to $324.95,34.17
Samsung Galaxy A03s SM-A037U 32GB / 64GB Unlocked T-Mobile AT&T Verizon Fedex,$59.99 to $89.99,21.46
Samsung Galaxy S10 | S10e | S10+ Plus 128GB 512GB Unlocked AT&T Verizon T-Mobile,$109.95 to $219.95,24.85
Samsung Galaxy S9 - 64GB - Unlocked SIM - Good condition - Fully Working!,$92.50,28.79
Samsung Galaxy S20 5G Unlocked G981U 128GB Android Smartphone Very Good,$199.00,31.93
BRAND NEW Samsung Galaxy S21 Ultra 5G G998U 128GB GSM+CDMA Factory Unlocked,$425.00,39.37
NEW Samsung Galaxy A03/A04/A13/A14/A22/A24/A34/A54 128GB Dual SIM Android phone,$113.90 to $377.18,29.14
Samsung Galaxy S20 FE 5G G781U 128GB Unlocked Smartphone,$159.99,30.78
Samsung Galaxy A50 SM-A505U Verizon Unlocked 64GB Black Good Light Burn,$64.99,27.98
New Samsung Galaxy A54 Smartphone 128GB / 8GB Unlocked 5G Dual Sim All Colours,$335.36,31.97
Samsung Galaxy Note 20 5G SM-N981U - 128GB -  (Unlocked) Shaded,$204.99,32.11
Samsung Galaxy S20+ Plus 5G Unlocked G986U 128GB Android Smartphone Very Good,$217.00,32.46
"Samsung Galaxy Note10 Plus 5G SM-N975V, 256GB, Aura Glow,Unlocked,Fair Con:CC879",$193.50,32.54
Samsung Galaxy A14 5G SM-A415U 64GB AT&T T-Mobile MetroPCS Unlocked FedEx 2 Day,$79.99 to $109.99,29.31
Samsung Galaxy S10 S10e S10+ Plus 128GB 512GB Unlocked Verizon T-Mobile AT&T,$109.85 to $214.85,30.19
Samsung Galaxy S9 & S9+ Plus 64GB 128GB 256GB - Unlocked AT&T T-Mobile Verizon,$104.94 to $194.94,30.19
Samsung Galaxy S20 5G Unlocked G981U 128GB Android Smartphone Excellent,$211.00,32.29
NEW Samsung Galaxy S22 PLUS 5G SM-S906U1 128GB/256GB FACTORY UNLOCKED ❖SEALED❖,$479.00 to $579.00,42.85
Samsung Galaxy S20+ Plus 5G Unlocked G986U 128GB Android Smartphone Good Shadow,$174.00,31.19
Samsung Galaxy S20 5G Unlocked G981U 128GB Android Smartphone Good Refurbished,$179.00,31.34
Samsung Galaxy Z Fold 3 5G SM-F926U1 Factory Unlocked 512GB Phantom Black C,$359.99,37.45
New Sealed Samsung Galaxy A14 Smartphone 64GB Unlocked 4G Dual Sim All Colours,$142.97,25.34
Samsung Galaxy Note 8 - 64GB - Black (ATT) (Read Description) FC1012,$43.00,27.33
Samsung Galaxy Note 20 Ultra 5G T-Mobile AT&T Verizon- Unlocked N986U - READ,$31.00,33.75
Samsung Galaxy S22 Ultra 5G SM-S908U 128GB Phantom Black (Unlocked) - Very Good,$519.00,42.14
Samsung Galaxy S9 & S9+ Plus 64GB | 128GB | 256GB - Unlocked - Good,$104.95 to $164.95,23.37
Samsung Galaxy S20 5G Unlocked G981U 128GB Android Smartphone Spot,$104.00 to $109.00,29.28
VERY GOOD Samsung Galaxy A14 5G Unlocked Worldwide 64GB SM-A415U - Black,$109.00,29.28
Samsung S21 128GB Unlocked 5G *Please Read*,$183.63,32.41
Samsung N960 Galaxy Note 9 128GB Factory Unlocked Smartphone,$149.00,30.46
Samsung Galaxy S8 | S8+ Plus 64GB Unlocked Verizon T-Mobile AT&T Metro Sprint,$94.95 to $109.95,21.60
Samsung Galaxy S21 5G All Colours & Storage Duos (Unlocked) Smartphone C-Grade,$240.48,28.69
Samsung Galaxy S21 5G All Colours & Storage Duos (Unlocked) Smartphone C-Grade,$240.48,28.69
Samsung Galaxy Xcover Pro SM-G715U1/ G715FN/DS Unlocked(Any Carrier)- New Sealed,$157.00 to $195.00,ree s
Factory Unlocked Samsung Galaxy Note 20 5G 128GB 8GB RAM Gray Smartphone - Good,$219.00,32.52
Samsung Galaxy S20 FE 5G G781U 128GB (Unlocked) Cellphone,$159.00,30.75
Samsung Galaxy Note 20 5G N981U 128GB Gray Green Bronze Factory Unlocked - Good,$215.00,32.40
Samsung Galaxy S10e/S10/S10+ Plus - Verizon/T-Mobile/AT&T Or Unlocked- Excellent,$99.99 to $221.51,32.37
New ListingSamsung Galaxy S22 Ultra 5G Cracked Screen Damaged LCD For Parts Only Read Ad,$100.00,35.78
Samsung Galaxy S23+ Plus 5G SM-S916 256GB 50MP Fully Unlocked World Smartphone,$619.40,45.11
New Listingsamsung galaxy s20 5g t-mobile Works Great Cracked Screen And Back Check Imei !!,$64.91,28.75
SAMSUNG Galaxy S22 5G S901U 128GB/256GB - US Carriers Unlocked Smartphone - NEW,$410.00 to $475.00,38.16
Samsung Galaxy NOTE 10 PLUS N975U1 256GB / 512GB (FACTORY UNLOCKED) ❖SEALED❖w,$338.95,36.83
BRAND NEW Samsung Galaxy S20+ Plus 5G G986U 128GB Fully Unlocked - Cosmic Black,$249.99,34.21
SAMSUNG Galaxy S21 5G 128GB Phantom Gray! Without Simlock!,$421.27,21.60
Samsung Galaxy S20+ Plus 5G Unlocked G986U 128GB Android Excellent Refurbished,$232.00,32.91
"NEW Samsung Galaxy A21s, 64GB, Unlocked android phone, NEVER USED, All Colours",$164.42,26.07
Original Android Samsung I8530 Galaxy Beam 3G 8GB ROM with Built-in Projector,$101.87,ree s
Samsung Galaxy A24 4G 4GB Ram /A34 /A54 5G 128GB 6GB Ram Unlocked Android Purple,$215.16 to $341.74,32.19
Samsung Galaxy S24 Ultra 5G AI 256GB 512GB 1TB Unlocked New Sealed,"$1,485.49 to $1,839.49",25.49
Samsung Galaxy S21 5G Unlocked G991U 128GB Android Smartphone Good,$199.00,31.93
New ListingSamsung Galaxy S22  - 256GB for parts,$51.00,36.94
New Samsung Galaxy S22 Ultra 5G SM-S908U1 FACTORY UNLOCKED & FREE GIFT,$725.00,47.45
NEW UNLOCKED SAMSUNG GALAXY S22 ULTRA 5G SM-S908U ALL COLORS AND MEMORY GSM+CDMA,$608.88 to $789.88,44.02
Samsung Galaxy S20+ Plus 5G Unlocked G986U 128GB Android Smartphone Good,$199.00,31.93
Samsung Galaxy A54/5G/128GB Unlocked Android SmartPhone Black/Lime/Purple /White,$341.74,32.19
New Samsung Galaxy A34 Smartphone 128GB / 6GB Unlocked 5G Dual Sim All Colours,$265.74,29.57
Samsung Galaxy Z Flip 3 5G SM-F711U1 Factory Unlocked 256GB Phantom Black Good,$204.99,32.11
New Sealed Samsung Galaxy A15 Smartphone 128GB Unlocked 4G Dual Sim All Colours,$174.65,26.43
Genuine Samsung Galaxy S10 Plus 128GB Unlocked S10+ NEW Sealed UK Stock SM-G975,$379.59,33.50
"Samsung Galaxy Beam2 SM-G3858 4.66"" 5MP 3G Smartphone with Built-in Projector",$100.69,18.00
Samsung Galaxy A54 5G 128GB 8GB RAM Dual Sim Unlocked Andriod Smartphone Sealed,$354.40,32.63
"Samsung Galaxy A23 5G, Boost Mobile Only | Black, 64 GB, 6.6 in Mint",$119.99,29.60
Samsung Galaxy Note20 5G 128GB  Mystic Grey -Mystic Brone - Green( Unlocked) New,$379.71,33.50
Samsung Galaxy S23 Ultra 5G SM-S918U Black 128GB REPORTED/CRACK,$230.50,32.86
Factory Unlocked Samsung Galaxy NOTE 20 5G (SM-N981U) 128GB Gray - Pristine,$275.00,34.95
OEM! Samsung Galaxy S22 Ultra Burgundy Phantom White Black Green Back Plate,$19.99,26.65
Samsung Note 20 5G - SM-N981U - T-Mobile/Verizon/AT&T Or Unlocked - GOOD,$193.99 to $218.24,31.78
Samsung Galaxy A42 5G SM-A426U Factory Unlocked 128GB Prism Dot Black C,$84.99,28.57
Samsung Galaxy S9 SM-G960U 64GB GSM Unlocked for AT&T T-Mobile Verizon,$121.99,29.66
Samsung Galaxy Z Flip (5G) SM-F707W T-Mobile/ At&t 256GB Mystic Bronze Very Good,$209.99,32.26
Samsung Galaxy S21 | S21+ 5G 128GB 256GB - Unlocked Verizon T-Mobile AT&T Metro,$204.95 to $344.95,33.58
Samsung Galaxy A14 A145F 64GB GSM Factory Unlocked International Version (NEW),$139.99,30.19
Samsung Galaxy Note10 SM-N970U - 256GB - Aura Black (Unlocked) (Single SIM),$104.50,29.92
SAMSUNG GALAXY NOTE 10 S10 S20+ Ultra S21 - FULLY UNLOCKED GSM/CDMA- MANY MODELS,$109.99 to $329.99,30.19
Samsung Galaxy S22 Ultra 128GB Black White Burgundy Green (Unlocked) Open Box,$525.00,42.32
New ListingSamsung Galaxy S10 - 128GB - Black (For AT&T Smartphone) #34527,$17.50,27.35
Samsung Galaxy A14 A145M 128GB GSM Factory Unlocked International Version (NEW),$153.99,30.60
"Samsung Galaxy A20s Dual SIM 6.5"" 32GB/ 64GB Unlocked Smartphone-- New Unopened",$133.64 to $140.16,ree s
Samsung Galaxy S21 SM-G991U - 128GB - Phantom Gray (Unlocked),$234.95,32.99
Samsung Galaxy S10e SM-G970U 128GB Black Verizon & GSM UNLOCKED SEALED NEW OTHER,$149.88,31.26
NEW Samsung Galaxy S10+Plus SM-G975U  128GB  Factory Unlocked Smartphones SEALED,$259.99,34.50
Samsung Galaxy S20+ Plus 5G G986U Unlocked 128GB,$179.00,32.11
"Samsung Galaxy A20 SM-A205U 32GB ROM 3GB RAM 6.4"" Unlocked Smartphone-New Sealed",$107.00,ree s
Samsung Galaxy A14 A145M 128GB GSM Factory Unlocked International Version (NEW),$153.99,30.60
Samsung Galaxy A32 5G - 64GB - SM-A326U (Unlocked) (Single SIM) Smartphone,$89.95 to $124.95,28.72
New ListingSamsung Galaxy Note 20 Ultra 5G T-Mobile AT&T Verizon- Unlocked N986U - READ,$33.00,33.81
Samsung Galaxy S10+ Plus SM-G975U - 128GB  (Unlocked) - Excellent,$199.99,31.96
Samsung Galaxy S21 Ultra 5G SM-G998B - 128GB - Phantom Black (Unlocked),$227.51,19.56
Samsung Galaxy S23 SM-S911U - 128GB - Black (Carrier Unlocked),$529.98,41.70
FULLY UNLOCKED ⭐ Samsung Galaxy NOTE 20 128GB Bronze Gray SM-N980U1 EXCELLENT ⭐,$249.00,33.41
Samsung Galaxy Z Flip 4 SM-F721U1 Factory Unlocked 256GB Pink Gold Good,$274.99,34.95
Samsung Galaxy Folder2 SM-G1650 Dual SIM Flip Unlocked SmartPhone - New Unopened,$140.00,ree s
Samsung Galaxy A71 UW 5G SM-A716U 128GB Prism Black T-Mobile Factory Unlocked OB,$179.99,24.11
Samsung Galaxy A03s 32GB - Black (Unlocked),$89.99,28.72
Samsung S20+ Plus 5G Unlocked G986U 128GB Android Smartphone Spot,$119.00 to $139.00,30.16
"Samsung Galaxy A14 5G - 128GB (GSM UNLOCKED) 4GB RAM Dual Sim 6.6"" Display NEW",$179.99,31.37
Samsung Galaxy Z Fold Gray Green 4 SM-F936U 512GB Unlocked - Good  See Pics/READ,$237.50,33.84
NEW UNLOCKED SAMSUNG GALAXY S21 5G SM-G991U ALL COLORS AND MEMORY GSM+CDMA,$280.88,34.35
Samsung Galaxy S20+ Plus 5G G986U1 128GB Unlocked 10/10 Condition - Cloud Blue,$224.99,32.70
SAMSUNG GALAXY NOTE 20 ULTRA 5G N986U1 (FACTORY UNLOCKED) 128GB│512GB ❖SEALED❖,$448.95,40.08
Samsung Galaxy A54 5G A546E 128GB 8GB RAM GSM Unlocked Global Version NEW,$314.95,35.35
Samsung Galaxy S20+ 5G SM-G986U - 128GB (Unlocked) - Cosmic Black,$149.95,30.49
Samsung Galaxy Folder2 SM-G1650 Android Big Keyboad Dual SIM 4G LTE Flip Phone,$105.40,18.00
Samsung Galaxy NOTE 20 ULTRA - 128GB - Fully Unlocked - VERY GOOD - (BURN),$314.99,35.35
Samsung Galaxy S8 Plus - 64 GB - Unlocked SIM - Black - Working - Good! Read!,$92.50,28.79
Samsung Galaxy Z Fold4 5G F936U1 512GB (Unlocked) Verizon T-Mobile AT&T 9U-B,$554.00,42.40
Samsung Galaxy A12 SM-A125F/DSN - 64GB - Black (EE) (Dual SIM) 2,$82.27,16.08
Samsung Galaxy S20 5G Unlocked G981U 128GB Android Smartphone Good Shadow,$158.00,30.72
Samsung Galaxy S8 Active - 64GB (GSM Unlocked) T-Mobile AT&T Metro Cricket,$63.85 to $144.95,30.34
Samsung Galaxy A04e Dual Sim 32GB Unlocked Andriod Smartphone 4G LTE All Colours,$101.25,23.90
Samsung Galaxy S7 | S7 edge 32GB - Unlocked Verizon AT&T T-Mobile Metro Cricket,$59.85 to $119.85,22.34
NEW UNLOCKED SAMSUNG GALAXY S23 ULTRA 5G SM-S918U ALL COLORS AND MEMORY GSM+CDMA,$898.88,52.58
SAMSUNG GALAXY S20+ PLUS 5G 128 GB UNLOCKED BLACK BRAND NEW,$341.75,38.77
Samsung Galaxy S20 5G Unlocked G981U 128GB Android Smartphone,$144.00,30.31
Samsung Galaxy Note 20 Ultra 5G T-Mobile AT&T Verizon- Unlocked N986U - READ,$38.00,33.96
Samsung Galaxy S21 5G Unlocked G991U 128GB Android Smartphone Excellent,$247.00,33.35
For PARTS Only Samsung Galaxy S21 Ultra 128GB 5G D GRADE CRACKED READ!!!,$125.00,29.75
"Samsung Galaxy A14 5G - 64GB (GSM UNLOCKED) 4GB RAM 6.6"" Display Black Mint",$129.99,29.90
Samsung Galaxy S9+ Plus 64GB | Factory Unlocked | Verizon AT&T T-Mobile,$129.00,29.87
New SAMSUNG Galaxy A15 Factory Unlocked 128GB GSM Cell Phone INT. V BLBK,$168.87,31.82
Samsung Galaxy S8 SM-G950U - 64GB - Midnight Black (Verizon),$19.00,36.39
"NEW Samsung Galaxy S9 - 64GB, unlocked, never used, ALL COLOURS",$158.21,25.86
Samsung Galaxy S9 SM-G960 - 64GB - Lilac Purple (Unlocked)(Single SIM),$39.24,31.64
Samsung Galaxy S10 SM-G973 - 128GB - Prism Black (AT&T),$52.00,27.60
Samsung Galaxy S21+ - 128GB - Black (L-Verizon) (Read Description) AD1074,$42.00,27.30
"Factory Unlocked Samsung Galaxy S20 FE 5G 128GB 6.5"" (SM-G781U) - Very Good",$199.00,31.93
Samsung Galaxy S9 SM-G960U - 64GB - Midnight Black (Unlocked),$119.95,29.60
Samsung Galaxy S10e SM-G970U 128GB Black Verizon Smartphone NEW OTHER SEALED BOX,$139.55,30.95
Samsung Flip Phone E1272 Big Button Basic Flip Phone - Unlocked - Dual Sim,$32.26,18.97
Case for Samsung S22 S21 S20 S10 Plus S8 S6 A12 S23 Shockproof Hard Armor Cover,$6.32 to $10.11,20.76
Samsung Galaxy S8 Active SM-G892A - 64GB - (GSM Unlocked) Smartphone - Good,$94.98,21.61
Factory UNLOCKED Samsung Galaxy S10 128GB - OPEN BOX,$184.95,31.52
New Samsung Galaxy  S23 S23+ Plus 256GB 512GB 8GB  Dual Sim Unlocked All colours,$860.70 to $949.30,53.15
Samsung Galaxy S20 FE 5G - 128 GB - Unlocked SIM - Fully Working - Good Shape!,$162.50,30.86
SAMSUNG GALAXY S22 ULTRA 5G S908U1 128GB│256GB │512GB (FACTORY UNLOCKED) ❖SEALED,$598.95 to $726.95,48.28
Lot of Samsung Galaxy S7 SM-G930(A/T/V/U/F/P) Network Unlocked,$190.00 to $400.00,55.01
Samsung Galaxy A14 4G-5G Dual Sim  64GB/128GB Unlocked -Android - Smartphone New,$189.85 to $215.16,27.82
Samsung Galaxy S20 Plus 5G - SM-G986U -  128GB  Light Blue  (Verizon) Smartphone,$7.50,33.31
Samsung Galaxy Z Fold 5 SM-F946U1 Factory Unlocked 512GB Gray OPEN BOX,$949.99,82.94
Samsung Galaxy Note 4 SM-N910 - 32GB - Charcoal Black (Unlocked) Smartphone,$66.26,28.02
Samsung Galaxy S10E G970U (UNLOCKED) ALL COLORS (EXCELLENT CONDITION),$129.00,29.87
Samsung Galaxy S9 SM-G960U - 64GB - Midnight Black (Unlocked),$119.95,29.60
Samsung Galaxy S22 Ultra 5G SM-S908U 128GB Blue REPORTED,$321.00,35.53
Samsung Galaxy Z Flip 3 5G SM-F711U Factory Unlocked 128GB Phantom Black C,$179.99,31.37
Samsung Galaxy S21 Ultra 5G SM-G998U Verizon Unlocked 128GB Phantom Silver C,$299.99,34.91
Samsung Galaxy A54 5G (A546E) 256GB 8GB GSM Unlocked International Version (New),$342.99,36.18
New ListingFOR PARTS Samsung Galaxy S21 5G - 128 GB - Phantom Violet (Unlocked),$86.00,37.82
Samsung Galaxy A53 5G SM-A536U - 128GB - Awesome Black (T-Mobile),$42.00,28.07
Samsung Galaxy A15 A155M 128GB 6GB RAM GSM Unlocked International Version (New),$171.99,31.91
"Samsung Galaxy Note9 SM-N960U1,512GB, Blue,Unlocked,light Shadow, Fair Con:EE099",$105.00,29.93
"Samsung Galaxy A15 5G (128GB, 6GB) 6.5""  SM-A156U Metro by Tmobile",$149.99,31.26
Samsung Galaxy Note10+ Plus 256GB - Unlocked,$110.00,40.88
Samsung Galaxy A42 5G SM-A426U Verizon Unlocked 128GB Prism Dot Black Good,$94.99,28.86
Samsung Galaxy S21 5G 128GB 256GB Unlocked Android Smartphone | Dead Pixel,$189.99,31.67
SAMSUNG GALAXY S20+ PLUS 5G 128GB UNLOCKED VARIOUS COLOURS BRAND NEW,$341.75,32.20
"Samsung Galaxy A20 SM-A205U 32GB ROM 3GB RAM 6.4"" Unlocked Smartphone-New Sealed",$112.13,ree s
Samsung Galaxy A12 SM-A125F- 64GB - Blue Unlocked Dual SIM Android Smartphone,$101.25,23.90
Samsung Galaxy S10e SM-G970U 128GB+6GB Factory Unlocked Smartphone - New Sealed,$194.92,ree s
Samsung Galaxy S21 5G SM-G991U 128GB Unlocked Smartphone - Good,$196.99,32.65
New ListingSamsung Galaxy S22 Ultra - 256 GB - Graphite (Unlocked) (Single SIM),$150.50,62.15
Samsung Galaxy Folder G1600 Dual SIM LTE Flip Unlocked SmartPhone,$58.51,18.00
New In Box Samsung Galaxy S21 Ultra SM-G998U 5G 128GB Black Unlocked ATT TMobile,$389.99,37.57
New ListingSamsung Galaxy Note9 - 128GB - Purple (For AT&T Smartphone),$21.50,27.47
Samsung Galaxy Note 10 Plus 5G SM-N976V 256GB Black Unlocked-EXCELLENT,$204.00,32.08
Samsung Galaxy A05 (A055M/L DS) 128GB or 64GB/4GB RAM GSM Unlocked (Only 4G/LTE),$119.99 to $139.99,30.19
NEW Samsung Galaxy Note 9 N960U 128GB Unlocked (GSM+CDMA) AT&T T-Mobile Verizon,$228.88,33.59
Samsung Galaxy J7 Star 2018 SM-J737T T-Mobile Unlocked 32GB Silver C,$37.99,27.18
Samsung Galaxy Z Fold4 -FACTORY UNLOCKED-SM-F936U1 - 512GB - BLACK - B Stock,$519.00,42.14
New In Box Samsung Galaxy Note 20 5G SM-N981 128GB Unlocked ATT T-Mobile Verizon,$284.99,35.24
New ListingSamsung Galaxy Z Flip4 - 128gb - Black (For MetroPCS Smartphone),$0.55,26.08
Samsung Galaxy S8 | S8 Plus G950U | G955U - 64GB - (Unlocked) Good,$94.95 to $109.95,22.05
Samsung Galaxy S10 128GB G973U Unlocked with LCD Shadows - Very Good,$119.99,29.60
