job_title, company_name_and_address, job_type
Graphic Designer, Bees Studio L.L.C - Nasr City, Cairo, Egypt 1 hour ago, Part Time, 
Senior Graphic Designer, Ashraqat For Integrated Solutions - Mohandessin, Giza, Egypt 4 days ago, Full Time, 
Senior Graphic Designer, Main Marks - New Cairo, Cairo, Egypt 4 days ago, Full Time, 
Graphic Designer, MixTender Beverages - 10th of Ramadan City, Cairo, Egypt 5 days ago, Full Time, 
Senior Graphic Designer, Nahdet Misr Publishing Group - Mohandessin, Giza, Egypt 6 days ago, Full Time, 
Graphic Designer, Whitebalance Studios - Downtown, Cairo, Egypt 5 days ago, Full Time, 
Graphic Designer, Capital Guard - Sheraton, Cairo, Egypt 5 days ago, Full Time, 
Graphic Designer, Confidential - Nasr City, Cairo, Egypt 7 days ago, Full Time, 
Graphic Designer, Injaz Digital  - Heliopolis, Cairo, Egypt 6 days ago, Full Time, 
Interior designer, AnQa Khan - Cairo, Egypt 8 days ago, Full Time, 
Art Director, Octaholic - Cairo, Egypt 7 days ago, Full Time, 
Senior Graphic Designer / Video Editor - Real Estate, Confidential - Sheikh Zayed, Giza, Egypt 8 days ago, Full Time, 
Senior Graphic Designer, Confidential - Giza, Egypt 8 days ago, Full Time, 
UI /UX/Graphic Designer - Alexandria, Arabic Localizer - San Stefano, Alexandria, Egypt 10 days ago, Full Time, 
Senior 2D Animator - Moho - Remote Position, Confidential - Alexandria, Egypt 9 days ago, Full Time, 
Remote - Senior Video Editor & Motion Graphic Designer, RS - Cairo, Egypt 8 days ago, Full Time, 
Graphic Designer (Printing), Rotografia - 6th of October, Giza, Egypt 11 days ago, Full Time, 
UI UX Designer, SkyCrow - Alexandria, Egypt 11 days ago, Full Time, 
Graphic and Motion Designer, iproperties - New Cairo, Cairo, Egypt 11 days ago, Full Time, 
Graphic Designer Intern, Casita - Dokki, Giza, Egypt 12 days ago, Internship, 
Graphic Designer- Real Estate, Aqar Land Real Estate consultant - New Cairo, Cairo, Egypt 13 days ago, Full Time, 
Graphic Designer, Sense All In - Mohandessin, Giza, Egypt 13 days ago, Full Time, 
UI/UX Developer, Confidential - Khobar, Saudi Arabia 13 days ago, Part Time, 
Graphic Designer, Motioniso - Cairo, Egypt 13 days ago, Freelance / Project, 
Graphic Designer, Dawul - Riyadh, Saudi Arabia 13 days ago, Part Time, 
Social Media Monitoring, GetSircles Digital Agency - New Cairo, Cairo, Egypt 12 days ago, Full Time, 
Motion Graphic Animator, Jump - Nasr City, Cairo, Egypt 12 days ago, Full Time, 
Graphic Designer, Confidential - Mohandessin, Giza, Egypt 14 days ago, Full Time, 
Graphic Designer, Dimofinf Operations Center - Nasr City, Cairo, Egypt 14 days ago, Full Time, 
Graphic Designer, ALWAN AL ALBARQ  - Nasr City, Cairo, Egypt 14 days ago, Full Time, 
Graphic Designer, Wadi Group - Sheikh Zayed, Giza, Egypt 14 days ago, Full Time, 
Motion Graphic Designer, Creative Motion - Cairo, Egypt 13 days ago, Full Time, 
Graphic Designer, Bionco  - Maadi, Cairo, Egypt 14 days ago, Full Time, 
Junior Electrical Design Engineer, 3Brothers - 10th of Ramadan City, Cairo, Egypt 14 days ago, Full Time, 
Graphic Designer, Eclipse Advertising Agency - Nozha, Cairo, Egypt 15 days ago, Full Time, 
3D Artist (Character & Environment), Creative Motion - Cairo, Egypt 14 days ago, Full Time, 
3d Animator Artist, Bionco  - Maadi, Cairo, Egypt 14 days ago, Full Time, 
Senior Unreal Artist, Creative Motion - Cairo, Egypt 14 days ago, Full Time, 
Graphic Designer UI/UX, Creative Motion - Maadi, Cairo, Egypt 14 days ago, Full Time, 
Graphic Designer, Rise Up  - Alexandria, Egypt 15 days ago, Freelance / Project, 
Graphic Designer, Simple Touch Software - Maadi, Cairo, Egypt 16 days ago, Full Time, 
Graphic Designer, Remax Home Masters  - New Cairo, Cairo, Egypt 18 days ago, Full Time, 
Architect & Interior Designer, DAR GROUP - New Cairo, Cairo, Egypt 17 days ago, Full Time, 
2D Designer, Lecico Egypt - Alexandria, Egypt 18 days ago, Full Time, 
Graphic Designer, 3D Diagnostix - Maadi, Cairo, Egypt 17 days ago, Full Time, 
Graphic Design Team Leader, MCV - Obour City, Cairo, Egypt 18 days ago, Full Time, 
Motion Graphics Designer, COLORS - Heliopolis, Cairo, Egypt 18 days ago, Full Time, 
In house Designer 3D Max Autocad expert, Pharmascienta - Nefertari Body Care - Cairo, Egypt 19 days ago, Full Time, 
Art Director, Confidential - Sheikh Zayed, Giza, Egypt 19 days ago, Full Time, 
Product Designer, Palma - Maadi, Cairo, Egypt 19 days ago, Full Time, 
Graphic Designer, Business integration trading company - Nasr City, Cairo, Egypt 20 days ago, Full Time, 
Senior Graphic Designer / Video Editor, Digitalmate - Nasr City, Cairo, Egypt 19 days ago, Full Time, 
Graphic Designer & Finalizer, El Mohandess Print House - 10th of Ramadan City, Sharqia, Egypt 21 days ago, Full Time, 
Graphic designer, Shop Seif - Cairo, Egypt 20 days ago, Internship, 
Senior Motion Graphics, Dimofinf Operations Center - Nasr City, Cairo, Egypt 20 days ago, Full Time, 
UI Developer (Mansoura), qTech.  - Mansoura, Dakahlia, Egypt 20 days ago, Full Time, 
Senior Graphic & Motion Designer, Capital Link Developments - Heliopolis, Cairo, Egypt 21 days ago, Full Time, 
Graphic Designer, Charisma Design - Nasr City, Cairo, Egypt 21 days ago, Full Time, 
senior graphic designer, YBA – Yasser Al Beltagy Architects  - Sheraton, Cairo, Egypt 22 days ago, Full Time, 
Graphic Designer, Alriada - Nasr City, Cairo, Egypt 22 days ago, Full Time, 
Graphic Designer, Cultiv - Heliopolis, Cairo, Egypt 22 days ago, Full Time, 
Graphics designer, Spinneys Egypt - Maadi, Cairo, Egypt 22 days ago, Full Time, 
Textile Product Designer, Shatta - New Nozha, Cairo, Egypt 22 days ago, Full Time, 
Graphic Designer, Bees Studio L.L.C  - Nasr City, Cairo, Egypt 23 days ago, Part Time, 
Senior Graphic Designer / Video Editor, Confidential - Obour City, Cairo, Egypt 25 days ago, Full Time, 
Graphic Designer, Kode Clubs - Hassan Allam Sports Clubs - New Cairo, Cairo, Egypt 26 days ago, Full Time, 
Graphic Designer, BTC-Egypt Gold - Heliopolis, Cairo, Egypt 27 days ago, Full Time, 
Graphic Designer, MHG - Riyadh, Saudi Arabia 27 days ago, Full Time, 
senior graphic designer, Deja Clinic - Bolkly, Alexandria, Egypt 27 days ago, Full Time, 
Graphic Designer (Full Time) - (On-site), Smart IT - Nasr City, Cairo, Egypt 27 days ago, Full Time, 
Graphic Designer - Internship, Bingo Global - New Nozha, Cairo, Egypt 28 days ago, Freelance / Project, 
Visual Merchandiser manager, Tie House - Downtown, Cairo, Egypt 28 days ago, Full Time, 
Graphic Designer, Circle K - Sheraton, Cairo, Egypt 29 days ago, Full Time, 
Front End Developer - React Js 24005, Ditech Egypt - Cairo, Egypt 28 days ago, Full Time, 
Senior Graphic Designer, Octa Z.R.A - Nasr City, Cairo, Egypt 29 days ago, Full Time, 
Graphic Designer, Hamza Group - Dokki, Giza, Egypt 29 days ago, Full Time, 
Junior Fashion Technical Designer, Carina Wear - New Cairo, Cairo, Egypt 29 days ago, Full Time, 
Interior Designer kitchen & dressing, Unitree for wood working - Sheikh Zayed, Giza, Egypt 29 days ago, Full Time, 
Interior Designer, Alep Studio - New Cairo, Cairo, Egypt 29 days ago, Full Time, 
Graphic Designer, International Company for Coffee Industry - Cafe Najjar  - 6th of October, Giza, Egypt 30 days ago, Full Time, 
Graphic Designer, Hekaya Pastry  - Cairo, Egypt 1 month ago, Full Time, 
Graphic Designer, Tie House - New Cairo, Cairo, Egypt 1 month ago, Full Time, 
Graphic Designer & Marketing Executive, Rockal - Nasr City, Cairo, Egypt 1 month ago, Full Time, 
Graphic & Social Media Specialist /A&I design company, WRIGHT PLAN - New Cairo, Cairo, Egypt 1 month ago, Full Time, 
Snr -Graphic Designer (Brand & Motion Graphics), 9H Capital  - Valletta, Malta 1 month ago, Full Time, 
Graphic Designer, korAddiction Sports Development & Entertainment - Maadi, Cairo, Egypt 1 month ago, Full Time, 
Graphic Designer, Confidential - Cairo, Egypt 1 month ago, Full Time, 
Graphic Designer, Grid Fine Finishes - Zamalek, Cairo, Egypt 1 month ago, Full Time, 
Compositor / Motion Graphic Designer, Mazzika Group - Dokki, Giza, Egypt 1 month ago, Full Time, 
Sr. Graphic Designer / Video Editor, IMV Agency - Dokki, Giza, Egypt 1 month ago, Full Time, 
Sr. Art Director, Confidential - Maadi, Cairo, Egypt 1 month ago, Full Time, 
Graphic Designer, Confidential - Nasr City, Cairo, Egypt 1 month ago, Full Time, 
UI/UX Designer, FiveM - Maadi, Cairo, Egypt 1 month ago, Full Time, 
Graphic Designer, Endless Creations Company - Sheraton, Cairo, Egypt 1 month ago, Full Time, 
UI/UX Designer, Bnaia - Maadi, Cairo, Egypt 1 month ago, Internship, 
Graphic Designer, Sarmady - Mohandessin, Giza, Egypt 1 month ago, Full Time, 
Junior Graphic Designer, Memaar Alashraaf - New Cairo, Cairo, Egypt 1 month ago, Full Time, 
Graphic Designer, Confidential - Tabuk, Saudi Arabia 1 month ago, Full Time, 
Sr. Graphic designer, Digitillusion - Cairo, Egypt 1 month ago, Full Time, 
Senior Social Media Designer, Bold Brand - Mokattam, Cairo, Egypt 1 month ago, Full Time, 
Graphic Designer, ELLE Egypt - Cairo, Egypt 1 month ago, Full Time, 
Graphic Designer, Confidential - Alexandria, Egypt 1 month ago, Full Time, 
UI UX Designer Job Description, Road9 Media - Maadi, Cairo, Egypt 1 month ago, Full Time, 
E Commerce Account Manager, Mirtec International - New Cairo, Cairo, Egypt 1 month ago, Full Time, 
Graphic Designer, Seaats - Cairo, Egypt 1 month ago, Full Time, 
Senior UI/UX Designer, Expert Apps - Maadi, Cairo, Egypt 1 month ago, Full Time, 
Graphic Designer Intern, 9H Capital  - Valletta, Malta 1 month ago, Internship, 
Senior UI/UX Designer, Youxel - Maadi, Cairo, Egypt 1 month ago, Full Time, 
Graphic Designer & Video Editor, NEW GCC GROUP LIMITLESS  - Nasr City, Cairo, Egypt 1 month ago, Full Time, 
Logo Designer - One Time Project, DKDesigns - Heliopolis, Cairo, Egypt 1 month ago, Freelance / Project, 
Fashion Designer, Tie House - New Cairo, Cairo, Egypt 1 month ago, Full Time, 
Product Designer / Drafter, Azza Fahmy Jewellery - 6th of October, Giza, Egypt 1 month ago, Full Time, 
Graphic Designer and video editor, Some Skin Care  - Cairo, Egypt 1 month ago, Full Time, 
Infographic & Graphic Designer, Confidential - Mohandessin, Giza, Egypt 1 month ago, Full Time, 
Interior Designer, Z Concept - Cairo, Egypt 1 month ago, Full Time, 
Senior Graphic Designer, Refilex - Dokki, Giza, Egypt 1 month ago, Full Time, 
Graphic Designer, Universities of Canada in Egypt - New Capital, Cairo, Egypt 1 month ago, Full Time, 
Graphic Designer, Gate to Digital - Jeddah, Saudi Arabia 1 month ago, Full Time, 
Interior Designer, EGY TRADE - Alexandria, Egypt 1 month ago, Full Time, 
Social Media Specialist, Egpay - Maadi, Cairo, Egypt 1 month ago, Full Time, 
Graphic Designer, Egypt Best Properties - New Cairo, Cairo, Egypt 1 month ago, Full Time, 
Animation and Motion/video editing, Egypt Best Properties - New Cairo, Cairo, Egypt 1 month ago, Full Time, 
Video Editor & Motion graphics designer, Danat Travels  - Nasr City, Cairo, Egypt 1 month ago, Full Time, 
Senior Graphic Designer, Essence Adverts - Maadi, Cairo, Egypt 1 month ago, Full Time, 
Junior Graphic Designer, AFFSQUARE - Sheraton, Cairo, Egypt 2 months ago, Full Time, 
Graphic Designer, Venues Real Estate - Cairo, Egypt 2 months ago, Full Time, 
Graphic Designer, Miracle-On - New Cairo, Cairo, Egypt 2 months ago, Full Time, 
Senior Graphic Designer, Confidential - Cairo, Egypt 2 months ago, Full Time, 
Senior Motion Graphic Designer/Animator, Bee Interactive Ltd. - Zamalek, Cairo, Egypt 2 months ago, Full Time, 
Jr Motion Graphic Designer( 3 months Contract- morning or night shift ), Bee Interactive Ltd. - Zamalek, Cairo, Egypt 2 months ago, Freelance / Project, 
Art Director, Tafaseel BPO International  - New Cairo, Cairo, Egypt 2 months ago, Full Time, 
Graphic Designer - Alexandria, International Group For Modern Coating  - Bourj Alarab, Alexandria, Egypt 2 months ago, Full Time, 
Graphic Designer, Confidential - New Cairo, Cairo, Egypt 2 months ago, Full Time, 
Senior Graphic Designer, branspect - Heliopolis, Cairo, Egypt 2 months ago, Full Time, 
Graphic Designer, Art Food - 10th of Ramadan City, Sharqia, Egypt 2 months ago, Full Time, 
Senior Interior Designer, sketchure - 6th of October, Giza, Egypt 2 months ago, Full Time, 
Senior UI Developer, Confidential - 6th of October, Giza, Egypt 2 months ago, Full Time, 
Motion Graphic Designer, Confidential - 6th of October, Giza, Egypt 2 months ago, Full Time, 
Senior Graphic Designer, Riadco 2000 - Obour City, Cairo, Egypt 2 months ago, Full Time, 
Graphic Designer, The Osiris Labs - Mokattam, Cairo, Egypt 2 months ago, Full Time, 
Graphic Designer, MAJ Consulting Group - Mohandessin, Giza, Egypt 2 months ago, Full Time, 
Graphic Designer, RS - Cairo, Egypt 2 months ago, Full Time, 
Graphic Designer, SwiftMart - New Cairo, Cairo, Egypt 2 months ago, Full Time, 
Junior Graphic Designer, Wham Clinics  - Sheikh Zayed, Giza, Egypt 2 months ago, Full Time, 
Interior Designer, Elwan For Ceramic and Porcelain - 6th of October, Giza, Egypt 2 months ago, Full Time, 
Graphic Designer, Rankoussi Group - New Cairo, Cairo, Egypt 2 months ago, Full Time, 
Graphic Designer, Marketopia - New Cairo, Cairo, Egypt 2 months ago, Full Time, 
Graphic Designer, PGQ Group  - Mohandessin, Giza, Egypt 2 months ago, Full Time, 
Graphic Designer, Rankoussi Group - New Cairo, Cairo, Egypt 2 months ago, Full Time, 
Graphic Designer, Premium Card - Dokki, Giza, Egypt 2 months ago, Full Time, 
GRAPHIC DESIGNER, Lacasa Company - Alibrahimiyyah, Alexandria, Egypt 2 months ago, Full Time, 
Advertising Art Director, Hamwi Cafe - Cairo, Egypt 2 months ago, Full Time, 
Graphic Designer, Confidential - 6th of October, Giza, Egypt 2 months ago, Full Time, 
Motion Graphics Designer, Asia Furniture - Heliopolis, Cairo, Egypt 2 months ago, Full Time, 
Graphic Designer, engineering tracks - Nasr City, Cairo, Egypt 2 months ago, Full Time, 
Graphic Designer, Chemipharm  - 6th of October, Giza, Egypt 2 months ago, Full Time, 
Graphic Designer, Bouri Group - New Cairo, Cairo, Egypt 2 months ago, Full Time, 
Designer Motion and Graphic, Mico World Limited - Maadi, Cairo, Egypt 2 months ago, Full Time, 
Graphic Designer, RAQMU for Building and Construction - Heliopolis, Cairo, Egypt 2 months ago, Full Time, 
Technical Designer, Confidential - Maadi, Cairo, Egypt 2 months ago, Full Time, 
Senior Video Editor / Motion Designer, سهولة الوصول - Cairo, Egypt 2 months ago, Full Time, 
Motion & Graphic Designer, Mico World Limited - Maadi, Cairo, Egypt 2 months ago, Full Time, 
Graphic Designer, flyadeal Egypt - Giza, Giza, Egypt 2 months ago, Full Time, 
Graphic Designer, El karez - New Nozha, Cairo, Egypt 2 months ago, Full Time, 
senior Graphic designer, Roi lab advertising agency  - New Cairo, Cairo, Egypt 2 months ago, Full Time, 
Interior Designer, Impact Technology  - Cairo, Egypt 2 months ago, Part Time, 
Graphic Designer, Edex Business Solutions - Cairo, Egypt 4 days ago, Full Time, 
Video Editor/ Graphic Designer, Whitecollars - Cairo, Egypt 1 hour ago, Full Time, 
Graphic and Motion Designer - Siemens Energy, Cairo Egypt, Siemens Energy - Cairo, Egypt 26 minutes ago, Full Time, 
Art Director, topEngineer - Dubai, United Arab Emirates 1 day ago, Full Time, 
Graphic Designer - UAE National, Jacobs Engineering Group Inc - Dubai, United Arab Emirates 1 day ago, Full Time, 
Motion and Graphic Designer, Tawzef for Recruitment & HR Consultancy - Cairo, Egypt 3 days ago, Full Time, 
Design Architect, REMANAG - Cairo, Egypt 7 hours ago, Full Time, 
Senior Product Designer, geidea - Cairo, Egypt 7 hours ago, Full Time, 
Graphic Designer, ASTUDIO - Dubai, United Arab Emirates 11 hours ago, Full Time, 
Graphic Designer, Fortes Holdings - Dubai, United Arab Emirates 3 days ago, Full Time, 
Graphic Designer - UAE National, Jacobs - Dubai, United Arab Emirates 3 days ago, Full Time, 
Graphic Designer, Confidencial - Dubai, United Arab Emirates 1 day ago, Full Time, 
BIM Coordinator - UAE National, Jacobs Engineering Group Inc - Dubai, United Arab Emirates 1 day ago, Full Time, 
Graphic Designer, Puratos - Riyadh, Saudi Arabia 4 days ago, Full Time, 
Jr. Machine Operator, Pepsi - Riyadh, Saudi Arabia 2 days ago, Full Time, 
UX Designer, Amaris Consulting - Dubai, United Arab Emirates 2 days ago, Full Time, 
Project Designer, JLG Architects - Alexandria, Egypt 2 days ago, Full Time, 
Designer, Time Out GCC and Ahlan, ITP Media Group - Dubai, United Arab Emirates 4 days ago, Full Time, 
Partner Performance Specialist – German Speaker (Cairo-based), Careersatagoda - Cairo, Egypt 2 days ago, Full Time, 
Graphic Designer, Jowan Future Design & print - Riyadh, Saudi Arabia 5 days ago, Full Time, 
Senior Art Director, MediaMonks - Dubai, United Arab Emirates 2 days ago, Full Time, 
UX Designer, Amaris - Dubai, United Arab Emirates 2 days ago, Full Time, 
Senior Master/ Urban Planner, HDR - Riyadh, Saudi Arabia 4 days ago, Full Time, 
Director of Marketing - Food and Beverage - Madinat Jumeirah Resort, Jumeirah Hotels & Resorts - Dubai, United Arab Emirates 3 days ago, Full Time, 
Senior UX/UI Designer, FinancialDocs - Dubai, United Arab Emirates 3 days ago, Full Time, 
User Experience Designer ( UAE National ), Commercial Bank of Dubai - Dubai, United Arab Emirates 3 days ago, Full Time, 
Director of Marketing, Miraval The Red Sea - Riyadh, Saudi Arabia 3 days ago, Full Time, 
UX Designer, Truelancer.com - Cairo, Egypt 3 days ago, Full Time, 
Accountant | Retail | IKEA Cairo Festival City, Majed el Futtiam - Cairo, Egypt 3 days ago, Full Time, 
Graphic Designer, Demind Firma Management - Dubai, United Arab Emirates 4 days ago, Full Time, 
Senior UX Researcher - Qualitative, Careem - Dubai, United Arab Emirates 4 days ago, Full Time, 
Graphic Designer, BanoPuratos - Riyadh, Saudi Arabia 5 days ago, Full Time, 
Art & Design Manager, Miral Experiences - Dubai, United Arab Emirates 4 days ago, Full Time, 
Director of Marketing, Hyatt Hotels Corporation - Riyadh, Saudi Arabia 3 days ago, Full Time, 
Midweight Designer/Artworker, 160over90 - Dubai, United Arab Emirates 4 days ago, Full Time, 
Assistant Editor, BBC News - Cairo, Egypt 3 days ago, Freelance / Project, 
Senior Graphic Designer, Snoonu - Doha, Qatar 4 days ago, Full Time, 
Campaign Design & Implementation Analyst - Nespresso UAE, Nestlé Nespresso SA - Dubai, United Arab Emirates 4 days ago, Full Time, 
Delivery Specialist, SAMACO Automotive - Riyadh, Saudi Arabia 4 days ago, Full Time, 
Senior Graphic Designer, Cehail International - Cairo, Egypt 4 days ago, Full Time, 
Sr. Landscape Architect (BIM), DAR ENGINEERING - Cairo, Egypt 4 days ago, Full Time, 
Middleweight Designer/Artworker, 160over90 - Dubai, United Arab Emirates 4 days ago, Freelance / Project, 
Senior Designer (Digital), 160over90 - Dubai, United Arab Emirates 4 days ago, Full Time, 
Senior Digital Designer, 160over90 - Dubai, United Arab Emirates 4 days ago, Full Time, 
Stylist - UAE National, Chloé - Dubai, United Arab Emirates 4 days ago, Freelance / Project, 
Graphic Designer - Social Media Support (Arabic Speaker), Black Pearl Consult - Dubai, United Arab Emirates 4 days ago, Full Time, 
Director of Digital Transformation (UAE Nationals Only), Trans Skills LLC - Dubai, United Arab Emirates 4 days ago, Full Time, 
Design Architect, Allsopp & Allsopp Recruitment & Executive Search - Dubai, United Arab Emirates 4 days ago, Full Time, 
Marketing Director, Informa Markets - Dubai, United Arab Emirates 4 days ago, Full Time, 
Director - Financial Planning & Analysis - FMCG/Telecom/Real Estate, Embark Pace - Dubai, United Arab Emirates 4 days ago, Full Time, 
Director - Corporate Tax, KPMG Lower Gulf - Dubai, United Arab Emirates 5 days ago, Full Time, 
Senior UX Designer, VML - Riyadh, Saudi Arabia 5 days ago, Full Time, 
Senior UI Designer, VML - Riyadh, Saudi Arabia 5 days ago, Full Time, 
User Experience Designer, ASTUDIO - Dubai, United Arab Emirates 6 days ago, Full Time, 
User Experience (UX) Designer - FINTEC Applications, Believe Resourcing Group - Dubai, United Arab Emirates 5 days ago, Full Time, 
Senior Director, Cybersecurity, ROSHN l روشن - Riyadh, Saudi Arabia 5 days ago, Full Time, 
Junior Motion Graphics Designer, dentsu - Cairo, Egypt 6 days ago, Full Time, 
Lead Game Designer, Games Factory Talents | Connecting Passion & Talent - Riyadh, Saudi Arabia 5 days ago, Full Time, 
Graphic Designer Intern, Hawk Eye LLC - Dubai, United Arab Emirates 5 days ago, Full Time, 
Finalizer, Saatchi & Saatchi - Dubai, United Arab Emirates 6 days ago, Full Time, 
Lead artist - Mobile, Steer Studios - Riyadh, Saudi Arabia 5 days ago, Full Time, 
International Writer/Editor Consultant - Cairo, UN Women - Cairo, Egypt 5 days ago, Full Time, 
Graphic Designer (Arabic speaker), Black Pearl Consult - Dubai, United Arab Emirates 6 days ago, Full Time, 
Resident Senior Associate Landscape Architect, Cracknell - Dubai, United Arab Emirates 6 days ago, Full Time, 
Product Designer, Axis - Cairo, Egypt 6 days ago, Full Time, 
Technical NOC Operator, Praxis - Dubai, United Arab Emirates 6 days ago, Full Time, 
Senior UI Visual Designer, UPFRONTHR - Dubai, United Arab Emirates 7 days ago, Full Time, 
Senior Photographer, dentsu - Cairo, Egypt 6 days ago, Full Time, 
Junior Media Planner, dentsu - Cairo, Egypt 6 days ago, Full Time, 
UI UX Designer, Pentavalue - Cairo, Egypt 6 days ago, Full Time, 
Lead, Production Excellence, North Oil Company Qatar - Doha, Qatar 6 days ago, Full Time, 
3D Visualization Artist with Motion Graphics (Architecture and Interior), archcorp - Dubai, United Arab Emirates 7 days ago, Full Time, 
Graphic Designer, Rekrut by Talent 360 - Cairo, Egypt 6 days ago, Full Time, 
Copywriter/Social Media Coordinator, Abwaab - Riyadh, Saudi Arabia 6 days ago, Full Time, 
Sr. UI/UX Designer, DXC.technology - Cairo, Egypt 7 days ago, Full Time, 
371-3D Visualizers, theWORK - Riyadh, Saudi Arabia 6 days ago, Freelance / Project, 
Emirati UX/UI Designer, Emira Talent - Abu Dhabi, United Arab Emirates 7 days ago, Full Time, 
Interior Designer-UAE, archcorp - Dubai, United Arab Emirates 7 days ago, Full Time, 
Sr.Product Designer, LOYNOVA - Cairo, Egypt 7 days ago, Full Time, 
Art Director, ASTUDIO - Dubai, United Arab Emirates 7 days ago, Full Time, 
Sr. UI/UX Designer, DXC Technology - Cairo, Egypt 8 days ago, Full Time, 
Designer (Civil), NPCC - Dubai, United Arab Emirates 7 days ago, Full Time, 
Junior BIM Mechanical Engineer., Rekrut by Talent 360 - Cairo, Egypt 7 days ago, Full Time, 
Senior Design Manager, JobIn - Riyadh, Saudi Arabia 8 days ago, Full Time, 
Design Interface Coordinator, Besix International - Riyadh, Saudi Arabia 9 days ago, Full Time, 
Machine Operator (Prime / Coating / blasting station): Abu Dhabi, NOV - Dubai, United Arab Emirates 9 days ago, Full Time, 
Social Media Marketing Trainee, Stella Stays - Dubai, United Arab Emirates 10 days ago, Full Time, 
Senior UI/UX Designer, Core42 - Dubai, United Arab Emirates 10 days ago, Full Time, 
Marketing Director, Informa Connect Limited - Riyadh, Saudi Arabia 10 days ago, Full Time, 
Graphic Designer, Rawabi United Safety Services Company Limited (RUSS) - Riyadh, Saudi Arabia 11 days ago, Full Time, 
Photographer/Videographer (Resident in the KSA), Whitecollars - Jeddah, Saudi Arabia 10 days ago, Full Time, 
Creative Designer - Experienced _VOIS, _VOIS - Cairo, Egypt 11 days ago, Full Time, 
Art Director - Digital Video Production, Info Arab Media - Dubai, United Arab Emirates 10 days ago, Full Time, 
Marketing Director, Informa Connect of Informa PLC - Riyadh, Saudi Arabia 10 days ago, Full Time, 
Graphic Designer, Duncan & Ross Consulting - Riyadh, Saudi Arabia 11 days ago, Full Time, 
Social Media & Influencer Manager, Ennismore - Doha, Qatar 10 days ago, Full Time, 
Photographer & Videographer (Hotel & Retail), Ennismore - Doha, Qatar 10 days ago, Full Time, 
UI/UX Designer, Project Growth - Cairo, Egypt 10 days ago, Freelance / Project, 
Social Media & Influencer Executive (Waterpark & Beach Club), Ennismore - Doha, Qatar 10 days ago, Full Time, 
Art Director, GroupM MENA - Dubai, United Arab Emirates 11 days ago, Full Time, 
Social Media & Influencer Executive (Hotel & Retail), Ennismore - Doha, Qatar 10 days ago, Full Time, 
Photographer & Videographer (Waterpark & Beach Club), Ennismore - Doha, Qatar 10 days ago, Full Time, 
Director - Procurement - Aldar Education, Aldar Education - Dubai, United Arab Emirates 10 days ago, Full Time, 
CEO – Interior Design, GatedTalent - Connecting Top Executive Search Firms And Executives - Dubai, United Arab Emirates 10 days ago, Full Time, 
Graphic Designer - Marketing - Burj Al Arab, Jumeirah Hotels & Resorts - Dubai, United Arab Emirates 11 days ago, Full Time, 
Art Director, Games Factory Talents | Connecting Passion & Talent - Riyadh, Saudi Arabia 11 days ago, Full Time, 
Technical Officer, PERSOLKELLY - Riyadh, Saudi Arabia 11 days ago, Freelance / Project, 
BIM COORDINATOR - MECHANICAL, Duncan & Ross Consulting - Riyadh, Saudi Arabia 11 days ago, Full Time, 
BIM COORDINATOR - ELECTRICAL, Duncan & Ross Consulting - Riyadh, Saudi Arabia 11 days ago, Full Time, 
Technical Officer, Programmed - Riyadh, Saudi Arabia 11 days ago, Freelance / Project, 
Editor & Content Developer (Copywriter), ADNOC Group - Dubai, United Arab Emirates 11 days ago, Full Time, 
Fashion Designer, Sharaf Retail - Dubai, United Arab Emirates 11 days ago, Freelance / Project, 
Junior Finance Graduate, Skill Farm - Dubai, United Arab Emirates 11 days ago, Full Time, 
Junior Graduate Analyst - Consulting, Skill Farm - Dubai, United Arab Emirates 11 days ago, Full Time, 
Head of Digital and Social, Jobs for Humanity - Riyadh, Saudi Arabia 11 days ago, Full Time, 
Graphic Designer, The British School of Kuwait (BSK) - Kuwait City, Kuwait 11 days ago, Full Time, 
Web Designer, inoi - Dubai, United Arab Emirates 11 days ago, Full Time, 
Remote Work-From-Home Positions (Easy Data Entry Jobs), Boree Potash Pty Ltd - Riyadh, Saudi Arabia 11 days ago, Full Time, 
Graphic Design/Multimedia Specialist, Nasco group - Kuwait City, Kuwait 12 days ago, Full Time, 
Zoho Developer, Koot.UAE - Dubai, United Arab Emirates 12 days ago, Full Time, 
Machine Operator, Element Materials Technology - Dubai, United Arab Emirates 12 days ago, Full Time, 
Senior UX UI Designer, Blackstone eIT - Cairo, Egypt 12 days ago, Full Time, 
Lead Designer, Jobs for Humanity - Dubai, United Arab Emirates 12 days ago, Full Time, 
Graphic Designer, Truelancer.com - Cairo, Egypt 13 days ago, Full Time, 
Graphic Designer - Jumia (Full Time), Jumia Group - Cairo, Egypt 12 days ago, Full Time, 
Designer (Installation), NPCC - Dubai, United Arab Emirates 12 days ago, Full Time, 
Part Time Work From Home - Seeking Remote Data Entry Clerk, AutenticoMultinivel.com - Tabuk, Saudi Arabia 12 days ago, Part Time, 
Director - Business Tax Advisory - Cairo, ACCA Careers - Cairo, Egypt 12 days ago, Full Time, 
Sr. Art Director, Rekrut by Talent 360 - Cairo, Egypt 13 days ago, Full Time, 
Marketing Director - Careem Pay, Careem - Dubai, United Arab Emirates 13 days ago, Full Time, 
User Experience Designer, Gulf Business Machines PND - Riyadh, Saudi Arabia 13 days ago, Full Time, 
Videographer/ Video Editor, KFM - Doha, Qatar 13 days ago, Full Time, 
UX/UI Designer, Dicetek LLC - Dubai, United Arab Emirates 13 days ago, Freelance / Project, 
Director of Digital Media, HAX Consulting - Dubai, United Arab Emirates 13 days ago, Full Time, 
Director - Microsoft Operations, Core42 - Dubai, United Arab Emirates 14 days ago, Full Time, 
Graphic Designer, IKK Group – Isam Khairi Kabbani Group - Makkah, Saudi Arabia 14 days ago, Full Time, 
Work From Home Customer Service, Alison Phillips - Dubai, United Arab Emirates 14 days ago, Full Time, 
Work From Home Administrative Clerks - Work Remotely, Alison Phillips - Dubai, United Arab Emirates 14 days ago, Full Time, 
Senior Product Designer - (UI/UX), Dawarha - Cairo, Egypt 15 days ago, Full Time, 
Creative Director, Talent Disruptors - Riyadh, Saudi Arabia 15 days ago, Full Time, 
Interior Designer - Luxury Home - Minotti, Al Tayer Insignia - Dubai, United Arab Emirates 15 days ago, Full Time, 
Visual Design Specialist, Project Growth - Cairo, Egypt 15 days ago, Freelance / Project, 
Graphic Design, Talent Disruptors - Cairo, Egypt 15 days ago, Full Time, 
Video Editor, Project Growth - Cairo, Egypt 15 days ago, Freelance / Project, 
Senior Interior Design Architect, AtkinsRéalis - Riyadh, Saudi Arabia 15 days ago, Full Time, 
Easy Work From Home - Data Entry Operators, City Swap Network, Inc. - Dubai, United Arab Emirates 15 days ago, Full Time, 
Work From Home Admin Clerks - Work Remotely, City Swap Network, Inc. - Dubai, United Arab Emirates 15 days ago, Full Time, 
Career Development Program, Mercedes-Benz Australia/Pacific Pty - Dubai, United Arab Emirates 16 days ago, Full Time, 
Visual Merchandising Specialist - UAE, Tiffany - Dubai, United Arab Emirates 16 days ago, Full Time, 
Taste & Wellbeing Creative Marketing Associate for ME, Givaudan - Dubai, United Arab Emirates 16 days ago, Freelance / Project, 
Media Director, topEngineer - Dubai, United Arab Emirates 16 days ago, Full Time, 
Learning Experience Designer, Noon - The Social Learning Platform - Cairo, Egypt 16 days ago, Full Time, 
Graphic Designer & Video Editor, AudaCity Capital Management - Dubai, United Arab Emirates 16 days ago, Full Time, 
Senior Product Designer, Malaa Technologies - Riyadh, Saudi Arabia 16 days ago, Full Time, 
Standard Graphic Designer, Valeo - Cairo, Egypt 17 days ago, Full Time, 
Digital Marketing Strategy Analyst, Accenture Middle East - Dubai, United Arab Emirates 16 days ago, Full Time, 
Graphic Designer, TheTalentPoint | Jobs in UAE & Middleeast - Dubai, United Arab Emirates 17 days ago, Full Time, 
BIM Coordinator, AtkinsRéalis - Dubai, United Arab Emirates 17 days ago, Full Time, 
Architectural Design Manager, Guardian Industries - Cairo, Egypt 17 days ago, Full Time, 
Senior specialist, Graphic Designer, Brunel - Kuwait City, Kuwait 17 days ago, Full Time, 
Senior Design Engineer, AVI-SPL Middle East - Dubai, United Arab Emirates 17 days ago, Full Time, 
Senior Hair Stylist - Bahrain, Domo Ventures W.L.L. - Riyadh, Saudi Arabia 17 days ago, Full Time, 
Creative Packaging Designer, Pupilar UAE | Future of Hiring - Dubai, United Arab Emirates 17 days ago, Full Time, 
Interior Design Architect, AtkinsRéalis - Riyadh, Saudi Arabia 17 days ago, Full Time, 
Motion Graphic Designer, XM - Cairo, Egypt 17 days ago, Full Time, 
Senior Hair Stylist -  Bahrain, Domo Ventures - Riyadh, Saudi Arabia 17 days ago, Full Time, 
Senior Hair Stylist - Bahrain, Domo Ventures - Riyadh, Saudi Arabia 17 days ago, Full Time, 
Sr. Digital Director - Global Media Agency, Right Calibre Consulting - Dubai, United Arab Emirates 17 days ago, Full Time, 
Social Media Designer, APCO Worldwide - Dubai, United Arab Emirates 18 days ago, Full Time, 
Senior Hair Stylist - Location: Bahrain, Domo Ventures - Kuwait City, Kuwait 17 days ago, Full Time, 
3D Visualizer, Archcorp Architectural Engineering - Dubai, United Arab Emirates 18 days ago, Full Time, 
Graphic Designer, Workforce Development Solutions - Cairo, Egypt 18 days ago, Full Time, 
Senior Director, Legal, ROSHN l روشن - Makkah, Saudi Arabia 18 days ago, Full Time, 
Interior Designer, Al Tayer Insignia - Dubai, United Arab Emirates 18 days ago, Full Time, 
MEP Supervisor 3 (Power), Air Products - Tabuk, Saudi Arabia 18 days ago, Full Time, 
Electrical Supervisor 3 (Power), Air Products - Tabuk, Saudi Arabia 18 days ago, Full Time, 
Marketing Director (Saudi - PIF RE Portfolio Entity), Michael Page - Riyadh, Saudi Arabia 18 days ago, Full Time, 
3D Product Designer, Homzmart - Cairo, Egypt 18 days ago, Full Time, 
Quran Printing expert operators, Reliance Human Resources Consultancy - Dubai, United Arab Emirates 18 days ago, Full Time, 
Motion Graphic Supervisor, MBC Group - Dubai, United Arab Emirates 18 days ago, Full Time, 
Head of Design (Dubai -Remote), Token Metrics Inc - Dubai, United Arab Emirates 18 days ago, Full Time, 
Interior Designer, ABM - Riyadh, Saudi Arabia 18 days ago, Full Time, 
Graphic Designer, jobed.com - Cairo, Egypt 18 days ago, Full Time, 
UX/UI Specialist, Dicetek LLC - Dubai, United Arab Emirates 18 days ago, Freelance / Project, 
Theater Senior Logistician (Multiple Available – OCONUS), Bravura Information Technology Systems, Inc. (BITS) - Kuwait City, Kuwait 18 days ago, Full Time, 
Graphic designer,, Rekrut by Talent 360 - Cairo, Egypt 18 days ago, Full Time, 
Video Editor, WalaPlus - Riyadh, Saudi Arabia 18 days ago, Full Time, 
Senior videographer, A2Z Media - MENA - Doha, Qatar 19 days ago, Full Time, 
Director of Music, The Arts Club Dubai - Dubai, United Arab Emirates 18 days ago, Full Time, 
Easy Work From Home - Data Entry Operators, Alison Phillips - Riyadh, Saudi Arabia 18 days ago, Full Time, 
Work From Home Data Entry Job (Entry Level), Alison Phillips - Dubai, United Arab Emirates 19 days ago, Full Time, 
Senior Video Editor, A2Z Media - MENA - Doha, Qatar 19 days ago, Full Time, 
Editor, VAP Group - Dubai, United Arab Emirates 19 days ago, Full Time, 
Video Editor, VAP Group - Dubai, United Arab Emirates 19 days ago, Full Time, 
Product Designer, elGrocer by Smiles - Online Grocery Delivery - Cairo, Egypt 19 days ago, Full Time, 
Interior Designer, Olayan Saudi Holding Company - Riyadh, Saudi Arabia 19 days ago, Full Time, 
Artwork Finalizer, VML - Riyadh, Saudi Arabia 20 days ago, Full Time, 
UX Designer & Graphic Designer, NamaaIT - Cairo, Egypt 20 days ago, Full Time, 
IT Director, DIMENSIONS HOSPITALITY - Makkah, Saudi Arabia 19 days ago, Full Time, 
Graduate Urban Design, WSP in the Middle East - Riyadh, Saudi Arabia 20 days ago, Full Time, 
Associate Creative Director Experience Design - Oman based, Publicis Sapient - Dubai, United Arab Emirates 20 days ago, Full Time, 
Account Director, Social Media, APCO Worldwide - Dubai, United Arab Emirates 20 days ago, Full Time, 
Senior Director - Utilities Operations and Maintenance, Michael Page - Dubai, United Arab Emirates 20 days ago, Full Time, 
Senior Strategic Designer, Bain & Company - Dubai, United Arab Emirates 20 days ago, Full Time, 
Senior UI/UX Designer, StellaStays Inc - Cairo, Egypt 20 days ago, Full Time, 
Graphic Designer, Nathan & Nathan - Dubai, United Arab Emirates 20 days ago, Full Time, 
Graphic Designer, Albostany for real estate - Cairo, Egypt 20 days ago, Full Time, 
Senior Motion Graphics & Video Editor, Albostany for real estate - Cairo, Egypt 20 days ago, Full Time, 
UX Designer, Dicetek LLC - Dubai, United Arab Emirates 20 days ago, Freelance / Project, 
Designer, myGwork - Cairo, Egypt 21 days ago, Full Time, 
CAD Designer Lead, Brunel - Doha, Qatar 21 days ago, Full Time, 
Senior Director - Utilities Operations and Maintenance, Michael Page - Riyadh, Saudi Arabia 21 days ago, Full Time, 
Interior Designer, H. M. Al Rugaib & Sons Trading Co. - شركة حمد محمد الرقيب و أولاده التجارية - Riyadh, Saudi Arabia 21 days ago, Full Time, 
Senior Audio Visual Technician, Expo City Dubai - Dubai, United Arab Emirates 21 days ago, Full Time, 
Design Specialist, NEOM - Riyadh, Saudi Arabia 21 days ago, Full Time, 
Graphic Designer, Financial Gym - Cairo, Egypt 21 days ago, Full Time, 
Art Director, webook.com | We're All About Fun - Riyadh, Saudi Arabia 22 days ago, Full Time, 
Senior UI/UX Designer, Nawy Company - Cairo, Egypt 22 days ago, Full Time, 
Freelance Senior Branding Designer, M&C Saatchi Group - Dubai, United Arab Emirates 23 days ago, Full Time, 
Senior Design Specialist, AIM World Services - Kuwait City, Kuwait 23 days ago, Full Time, 
Graphic Designer, AtkinsRéalis - Riyadh, Saudi Arabia 24 days ago, Full Time, 
Producer, TAIT - Dubai, United Arab Emirates 24 days ago, Full Time, 
Graphic Designer- Intern, dentsu - Riyadh, Saudi Arabia 24 days ago, Part Time, 
Senior Design Engineer, Hill International (Middle East) Limited - Riyadh, Saudi Arabia 24 days ago, Full Time, 
Department Manager - Project Controls (E1), Hill International (Middle East) Limited - Riyadh, Saudi Arabia 24 days ago, Full Time, 
Junior Helpdesk Coordinator, ITP Media Group - Riyadh, Saudi Arabia 24 days ago, Full Time, 
Director of Marketing & Communications, WSP in the Middle East - Dubai, United Arab Emirates 24 days ago, Full Time, 
E-Learning Instructional Design Specialist, Qatar Airways - Doha, Qatar 25 days ago, Full Time, 
Creative Director, AKQA - Riyadh, Saudi Arabia 25 days ago, Full Time, 
User Experience Designer, TheTalentPoint | Jobs in UAE & Middleeast - Dubai, United Arab Emirates 25 days ago, Full Time, 
Temp Graphic Designer, dmg events - Dubai, United Arab Emirates 25 days ago, Full Time, 
Senior Graphic Designer, TIS (Tech for Integrated Services) by EXA - Cairo, Egypt 25 days ago, Full Time, 
Senior UI/UX Designer, Abu Dhabi Islamic Bank - Dubai, United Arab Emirates 25 days ago, Full Time, 
Multimedia Manager, Bayut.com - Dubai, United Arab Emirates 25 days ago, Full Time, 
Senior Graphic Designer, Klivvr - Cairo, Egypt 26 days ago, Full Time, 
Senior Product Designer, Klivvr - Cairo, Egypt 25 days ago, Full Time, 
Senior Design Manager - Water Park, WSP in the Middle East - Riyadh, Saudi Arabia 26 days ago, Full Time, 
Product Designer, Klivvr - Cairo, Egypt 26 days ago, Full Time, 
Motion Designer, Klivvr - Cairo, Egypt 26 days ago, Full Time, 
Graphic User Interface Designer, TheTalentPoint | Jobs in UAE & Middleeast - Dubai, United Arab Emirates 26 days ago, Full Time, 
Mid Senior Exhibitions & Events Designer, Electra Exhibitions LLC - Dubai, United Arab Emirates 26 days ago, Full Time, 
Senior Graphic Designer, Prezlab - Dubai, United Arab Emirates 26 days ago, Full Time, 
Media Director, Wavemaker MENA - Dubai, United Arab Emirates 26 days ago, Full Time, 
Senior Graphic Designer, Blackstone eIT - Cairo, Egypt 26 days ago, Full Time, 
BIM Coordinator (Buildings), Parsons Corporation - Riyadh, Saudi Arabia 26 days ago, Full Time, 
BIM Coordinator, DAR ENGINEERING - Cairo, Egypt 26 days ago, Full Time, 
Senior Interior designer, Homzmart - Cairo, Egypt 26 days ago, Full Time, 
Senior Environment Health & Safety Advisor, SGS Société Générale de Surveillance SA - Cairo, Egypt 26 days ago, Full Time, 
Media Director, Business Science - Dubai, United Arab Emirates 26 days ago, Full Time, 
Senior Design Manager - MEP, Jones Lang LaSalle IP, Inc - Riyadh, Saudi Arabia 26 days ago, Full Time, 
Creative Producer, Project Growth - Cairo, Egypt 26 days ago, Freelance / Project, 
Graphic Designer, Project Growth - Cairo, Egypt 26 days ago, Freelance / Project, 
Senior Design Engineer, Honeywell - Cairo, Egypt 26 days ago, Full Time, 
Stylist, Chloé - Dubai, United Arab Emirates 26 days ago, Full Time, 
Urban Designer (Saudi National), Parsons Corporation - Al Jawf, Saudi Arabia 26 days ago, Full Time, 
Design Architect, Skidmore, Owings & Merrill (SOM) - Dubai, United Arab Emirates 26 days ago, Full Time, 
IT Director, GatedTalent - Connecting Top Executive Search Firms And Executives - Dubai, United Arab Emirates 26 days ago, Full Time, 
Landscape Architect, AtkinsRéalis - Cairo, Egypt 26 days ago, Full Time, 
Senior Product Designer, Qoyod - قيود - Cairo, Egypt 26 days ago, Full Time, 
Motion Designer, BFL Group - Dubai, United Arab Emirates 27 days ago, Full Time, 
CNC Operator: (Oil and Gas): Dammam, NOV - Riyadh, Saudi Arabia 27 days ago, Full Time, 
Instructional Designer, MatchaTalent - Riyadh, Saudi Arabia 27 days ago, Full Time, 
Digital Apps Director, Salam - Riyadh, Saudi Arabia 27 days ago, Full Time, 
Graphic Designer (6 month contract), Acorn Strategy - Dubai, United Arab Emirates 27 days ago, Full Time, 
IT Director, Michael Page - Riyadh, Saudi Arabia 27 days ago, Full Time, 
UX/UI Designer, Marn - Riyadh, Saudi Arabia 27 days ago, Full Time, 
Sr. Designer, Brunel - Doha, Qatar 27 days ago, Full Time, 
Technical Design Director, Parsons Corporation - Riyadh, Saudi Arabia 27 days ago, Full Time, 
Motion Graphic Designer, Steer Studios - Riyadh, Saudi Arabia 28 days ago, Full Time, 
Multimedia Designer, Hill & Knowlton - Dubai, United Arab Emirates 28 days ago, Full Time, 
Design & Digital Products Intern, Accenture Middle East - Dubai, United Arab Emirates 27 days ago, Full Time, 
User Experience Designer, MMI - Maritime and Mercantile International - Dubai, United Arab Emirates 27 days ago, Full Time, 
Remote Work-From-Home Positions (Easy Data Entry Jobs), Kleurenbeeld - Riyadh, Saudi Arabia 27 days ago, Full Time, 
Ad Designer, Project Growth - Cairo, Egypt 27 days ago, Freelance / Project, 
Graphic Designer, TACT - Riyadh, Saudi Arabia 28 days ago, Full Time, 
UX Researcher & Arabic Designer, Nomo Fintech - Dubai, United Arab Emirates 28 days ago, Full Time, 
Director- Loan Agency, First Abu Dhabi Bank (FAB) - Dubai, United Arab Emirates 28 days ago, Full Time, 
Media Director, EssenceMediacom MENA - Dubai, United Arab Emirates 28 days ago, Full Time, 
Digital Experience & Ancillary, SAUDI AIRLINES - Makkah, Saudi Arabia 28 days ago, Full Time, 
Lead Product Designer, Mentalyc Inc. - Cairo, Egypt 28 days ago, Full Time, 
Freelance Graphic Designer, Truelancer.com - Cairo, Egypt 28 days ago, Full Time, 
Creative Director, trivers - Riyadh, Saudi Arabia 28 days ago, Full Time, 
Senior Art Director, TACT - Riyadh, Saudi Arabia 28 days ago, Full Time, 
Art & Design Teacher, Taaleem - Dubai, United Arab Emirates 28 days ago, Full Time, 
Senior Graphic Designer, Seam Labs - Cairo, Egypt 28 days ago, Full Time, 
Graphic Designer, Tamimi Group - Riyadh, Saudi Arabia 29 days ago, Full Time, 
IP Pricing Specialist, DHL Global Forwarding - Riyadh, Saudi Arabia 28 days ago, Full Time, 
Graphic Designer, Park Hyatt - Doha, Qatar 29 days ago, Full Time, 
Design Director - Hospitality / Mixed-use, Qiddiya | القدية - Riyadh, Saudi Arabia 29 days ago, Full Time, 
Media & Public Relations Representative, Saudi Petroleum Services Polytechnic - Dammam, Saudi Arabia 29 days ago, Full Time, 
Senior Creative Designer - TikTok LIVE (MENA), TikTok - Dubai, United Arab Emirates 30 days ago, Full Time, 
Graphics Designer, Wego Pte Ltd - Cairo, Egypt 30 days ago, Full Time, 
Senior Marketing Manager Robotics, Smith+Nephew - Dubai, United Arab Emirates 30 days ago, Full Time, 
Stand Design Manager, Informa Connect of Informa PLC - Riyadh, Saudi Arabia 1 month ago, Full Time, 
Stand Design Manager, Informa Connect Limited - Riyadh, Saudi Arabia 1 month ago, Full Time, 
Design House Admin, Miracle-On - New Cairo, Cairo, Egypt 12 days ago, Full Time, 
Executive Assistant, Oulabitex  - 10th of Ramadan City, Cairo, Egypt 26 days ago, Full Time, 
Graphic Designer, Confidential - Ameria, Alexandria, Egypt 17 hours ago, Full Time, 
Graphic Designer, Deefekrah - New Cairo, Cairo, Egypt 7 days ago, Full Time, 
Senior graphic designer, Confidential - Rehab City, Cairo, Egypt 11 days ago, Full Time, 
Junior Marketing Specialist, KB Architects  - Maadi, Cairo, Egypt 18 days ago, Full Time, 
Creative Director, Confidential - New Cairo, Cairo, Egypt 16 days ago, Full Time, 
Creative Director, ATRIC Developments - Heliopolis, Cairo, Egypt 12 days ago, Full Time, 
UI UX Designer, Confidential - Heliopolis, Cairo, Egypt 11 days ago, Full Time, 
Graphic Designer, In House - Mohandessin, Giza, Egypt 11 days ago, Full Time, 
Senior Graphic Designer, TRAVCO GROUP - Sheikh Zayed, Giza, Egypt 6 days ago, Full Time, 
Graphic Designer, Estafsar - Sheikh Zayed, Giza, Egypt 25 days ago, Full Time, 
Senior UX Designer, LINK Development - Maadi, Cairo, Egypt 14 days ago, Full Time, 
Interior Designer, Nihal Zaki Interiors - 6th of October, Giza, Egypt 11 days ago, Full Time, 
accountant, Abnaa-Ammam - Maadi, Cairo, Egypt 20 days ago, Full Time, 
Senior Graphic Designer, Digital Plus - Cairo, Egypt 24 days ago, Part Time, 
UI/UX Design, nichepharma - Sheikh Zayed, Giza, Egypt 1 month ago, Internship, 
Graphic Designer - Content Creator, SCAS - Maadi, Cairo, Egypt 1 month ago, Full Time, 
Patternist ( Fashion Retail ), Al-Nasser  - 6th of October, Giza, Egypt 17 hours ago, Full Time, 
UI UX Designer, Allianz - New Cairo, Cairo, Egypt 1 month ago, Full Time, 
UI UX Designer, Confidential - Dokki, Giza, Egypt 5 hours ago, Full Time, 
Marketing Associate, CRIF EGYPT - Heliopolis, Cairo, Egypt 7 days ago, Full Time, 
English Translator / Content Editor, Confidential - Sheraton, Cairo, Egypt 1 month ago, Full Time, 
Art Teacher, Confidential - Alsadat City, Monufya, Egypt 1 month ago, Full Time, 
Fashion Designer, Mimo for women clothes - New Cairo, Cairo, Egypt 2 months ago, Full Time, 
Senior Ui/UX Designer, Rescounts - Cairo, Egypt 26 days ago, Full Time, 
Graphic Designer for Marketing and Advertising agency, Marketing and advertising agency - Sheraton, Cairo, Egypt 1 month ago, Full Time, 
Graphic Designer, Saudi-firmness - Katameya, Cairo, Egypt 29 days ago, Full Time, 
English/Arabic Content Creator, Confidential - Sheraton, Cairo, Egypt 12 days ago, Full Time, 
Sr.Graphic Designer, Confidential - Sheraton, Cairo, Egypt 1 month ago, Full Time, 
Junior Interior Designer, Amer Vision Group - Sheraton, Cairo, Egypt 1 month ago, Full Time, 
UI UX Designer, Wakeb Data - Mohandessin, Giza, Egypt 4 days ago, Full Time, 
Content Creator, Gorgov - New Cairo, Cairo, Egypt 5 days ago, Full Time, 
Marketing Specialist, Egypt Teda - Ain Sokhna, Suez, Egypt 15 days ago, Full Time, 
UI UX Designer, Bright Creations - Smart Village, Giza, Egypt 12 days ago, Full Time, 
Graphic Designer, Promech Engineering - Maadi, Cairo, Egypt 2 months ago, Full Time, 
Odoo Implementation Manager, OdooTec - New Cairo, Cairo, Egypt 14 days ago, Full Time, 
UI UX Designer, Confidential - Heliopolis, Cairo, Egypt 1 month ago, Full Time, 
Senior Cost Control Engineer - Site Based, DME Holding - New Cairo, Cairo, Egypt 22 days ago, Full Time, 
Video & Photographer, Confidential - New Cairo, Cairo, Egypt 18 days ago, Full Time, 
Marketing Specialist, LinkMisr - Heliopolis, Cairo, Egypt 1 month ago, Full Time, 
Content Creator / Writer, Business integration trading company - Nasr City, Cairo, Egypt 20 days ago, Full Time, 
Content Creator, NOK for Human Capital Solutions - Maadi, Cairo, Egypt 26 days ago, Full Time, 
Web Designer, Impact Technology  - Cairo, Egypt 1 month ago, Full Time, 
Junior Architect / interior designer, Ahmed Osman-Archi-Arts - New Cairo, Cairo, Egypt 2 months ago, Full Time, 
Graphic Designer, Duravit AG - Sheraton, Cairo, Egypt 13 days ago, Full Time, 
Digital Transformation Section Head, Confidential - New Cairo, Cairo, Egypt 12 days ago, Full Time, 
Sr. Architecture Design Engineer (Lighting), Elsewedy industries - New Cairo, Cairo, Egypt 2 months ago, Full Time, 
Video Content Creator, Ashtar Tech    - Maadi, Cairo, Egypt 1 month ago, Full Time, 
FF&E Engineer, Talaat Moustafa Group - Dokki, Giza, Egypt 20 hours ago, Full Time, 
Content creator & publisher, Road9 Media - Maadi, Cairo, Egypt 27 days ago, Internship, 
Senior Operations / Admission Specialist, Egyptian Cultural Center - Nasr City, Cairo, Egypt 19 days ago, Full Time, 
Interior Design Engineer, Solikgroup  - Sidi Gaber, Alexandria, Egypt 2 months ago, Full Time, 
Senior Analyst/Investment Banking, Intercap Capital  - Dokki, Giza, Egypt 18 days ago, Full Time, 
Content Creator, Engosoft - Nasr City, Cairo, Egypt 29 days ago, Full Time, 
Graphic Design and Video Internship, Bed Scrunchie - New York City, United States 2 months ago, Internship, 
UI/UX Developer, Estafsar - Downtown, Cairo, Egypt 27 days ago, Full Time, 
Content Creator, Terra Tint - Giza, Egypt 1 month ago, Full Time, 
SAP FICO Consultant, Mediterraneo Trading - New Cairo, Cairo, Egypt 2 months ago, Full Time, 
Kids Fashion Designer, Confidential - Rehab City, Cairo, Egypt 2 months ago, Full Time, 
junior Projects Coordinator, Alicoegypt - Heliopolis, Cairo, Egypt 2 months ago, Full Time, 
Odoo Functional Consultant - Odoo Implementer, ERP-Bank - Sidi Gaber, Alexandria, Egypt 1 month ago, Full Time, 
Senior Content creator, Etoile - Cairo, Egypt 2 months ago, Full Time, 
UI UX Designer, Nano Shield - Maadi, Cairo, Egypt 2 months ago, Full Time, 
SEO Content Creator (Remote Work), Confidential - Cairo, Egypt 20 days ago, Full Time, 
Senior Odoo Functional Consultant, OdooTec - New Cairo, Cairo, Egypt 2 months ago, Full Time, 
Video Editor, EL KHETA - San Stefano, Alexandria, Egypt 2 months ago, Internship, 
Creative Graphic Designer (m/f/d) Wanted for Dynamic Tech Startup, NClip - Koeln, Germany 2 months ago, Part Time, 
English / Arabic content creator, Nile University - Sheikh Zayed, Giza, Egypt 23 days ago, Full Time, 
Program Coordinator - Ismailia, ITIDA - Ismailia, Ismailia, Egypt 25 days ago, Part Time, 
Scheduling Coordinator, Hyundai Rotem - Luxor, Egypt 1 month ago, Full Time, 
Front-end or Back-end Developer, RCG consulting group - Heliopolis, Cairo, Egypt 1 month ago, Full Time, 
Scaffoldings & Framwork Team Leader, Confidential - New Cairo, Cairo, Egypt 1 month ago, Full Time, 
Corporate Relations Executive, Wisely Insure - Nasr City, Cairo, Egypt 1 month ago, Full Time, 
Content Creator and Social Media Manager, Lacasa Company - Alibrahimiyyah, Alexandria, Egypt 2 months ago, Full Time, 
Content Creator, Confidential - Dokki, Giza, Egypt 2 months ago, Full Time, 
Senior Functional Consultant (Odoo), Outservingplus - Cairo, Egypt 2 months ago, Full Time, 
Implementation Project Manager (Odoo), Outservingplus - New Cairo, Cairo, Egypt 2 months ago, Full Time, 
English Proofreader, Selah ElTelmeez For Publishing & printing - Obour City, Cairo, Egypt 2 months ago, Full Time, 
Interior Designer, Homy Funrniture - Cairo, Egypt 18 days ago, Full Time, 
EXHIBITION STAND DESIGNER, Takeleap DMCC - Riyadh, Saudi Arabia 1 month ago, Full Time, 
Graphic Designer, emperium - Cairo, Egypt 2 months ago, Freelance / Project, 
UI/UX Designer, Egypt Best Properties - New Cairo, Cairo, Egypt 1 month ago, Full Time, 
ID Manager, Hill International (Middle East) Limited - Dubai, United Arab Emirates 24 days ago, Full Time, 
Digital Merchandiser, JobIn - Dubai, United Arab Emirates 10 days ago, Full Time, 
Taste & Wellbeing Creative Marketing Associate for the Middle East region, Givaudan Suisse SA (Dubai Branch) - Dubai, United Arab Emirates 16 days ago, Full Time, 
LAND SURVEYOR - ROADS, Duncan & Ross Consulting - Dubai, United Arab Emirates 10 days ago, Full Time, 
Junior Data Analyst, Skill Farm - Dubai, United Arab Emirates 11 days ago, Full Time, 
Accounting Supervisor, Titan Cement Egypt  - Sheraton, Cairo, Egypt 2 months ago, Full Time, 
LAND SURVEYOR - BUILDINGS, Duncan & Ross Consulting - Dubai, United Arab Emirates 19 days ago, Full Time, 
Visual Merchandiser, EMNOCA LLC - Dubai, United Arab Emirates 20 days ago, Full Time, 
Consultant - Information & Communication Technology, Frost & Sullivan - Riyadh, Saudi Arabia 6 days ago, Full Time, 
Content Creator - Freelance, Crossworkers-Egypt - Cairo, Egypt 7 days ago, Full Time, 
Front-End Developer, LikeCard - Cairo, Egypt 8 days ago, Full Time, 
Business Development Specialist (AI Tools), Hire My Tech - Dubai, United Arab Emirates 15 days ago, Full Time, 
Junior Business Presentation Designer, McKinsey & Company - Riyadh, Saudi Arabia 25 days ago, Full Time, 
Communications Officer, Rekrut by Talent 360 - Cairo, Egypt 3 days ago, Full Time, 
Production Planning Officer, Emirates - Dubai, United Arab Emirates 26 days ago, Full Time, 
Senior Architect, Archcorp Architectural Engineering - Dubai, United Arab Emirates 12 days ago, Full Time, 
Digital Marketing Lead, SupportFinity™ - Cairo, Egypt 4 days ago, Full Time, 
Freelance Creative Professionals, jobed.com - Cairo, Egypt 26 days ago, Full Time, 
Content Creator & Graphics Designer, 360 Company Ltd. - Riyadh, Saudi Arabia 18 days ago, Full Time, 
Marketing Specialist, Rekrut by Talent 360 - Cairo, Egypt 5 days ago, Full Time, 
Senior Architect UAE, archcorp - Dubai, United Arab Emirates 7 days ago, Full Time, 
Senior Marketing Executive, COREcruitment - Dubai, United Arab Emirates 26 days ago, Full Time, 
Presentation and Support Specialist, Lifera - Riyadh, Saudi Arabia 15 days ago, Full Time, 
Content Creator, Publicis Worldwide - Dubai, United Arab Emirates 24 days ago, Full Time, 
IT Sales Professional in Egypt, KR Group Corporation - Cairo, Egypt 4 days ago, Full Time, 
Architect (Authority / Project Coordinator), archcorp - Dubai, United Arab Emirates 7 days ago, Full Time, 
Internal Communication Senior Specialist, Integrant, Inc. - Cairo, Egypt 6 days ago, Full Time, 
Oracle Commerce Cloud Software Engineer, Domino Printing - Dubai, United Arab Emirates 10 days ago, Full Time, 
Marketing Coordinator, Swissôtel Al Maqam Makkah - Dubai, United Arab Emirates 11 days ago, Full Time, 
Presales Manager, Keyloop - Dubai, United Arab Emirates 12 days ago, Full Time, 
Program Execution Planner, General Motors Africa & Middle East - Cairo, Egypt 13 days ago, Full Time, 
Part-Time HR Instructor-CPE, American University of Kuwait (AUK) - Doha, Qatar 27 days ago, Freelance / Project, 
Product Management Senior Analyst, Accenture Middle East - Dubai, United Arab Emirates 24 days ago, Full Time, 
Traffic Coordinator, VML - Cairo, Egypt 11 days ago, Full Time, 
Housekeeping Manager, Fairmont Hotels & Resorts - Dubai, United Arab Emirates 2 days ago, Full Time, 
Aircraft Technician - Structures Workshop, Emirates - Dubai, United Arab Emirates 17 days ago, Full Time, 
Application Engineer - Calibre - EDA - (Cairo, Egypt), Siemens EDA (Siemens Digital Industries Software) - Cairo, Egypt 29 days ago, Full Time, 
Social Media Manager, Banyan Tree - Dubai, United Arab Emirates 6 days ago, Full Time, 
Aircraft Components Technician in Structures Workshop (Plating), Emirates - Dubai, United Arab Emirates 17 days ago, Full Time, 
Healthcare Nutrition Specialist (HNS) -Egypt, DANONE - Cairo, Egypt 18 days ago, Full Time, 
Transformation Sr. Lead- Power Platform_VOIS, _VOIS - Cairo, Egypt 11 days ago, Full Time, 
Editor, Time Out Dubai, ITP Media Group - Dubai, United Arab Emirates 14 days ago, Full Time, 
Marketing Executive, Bukhash Brothers - Dubai, United Arab Emirates 20 days ago, Full Time, 
Social Media Manager, Ennismore - Dubai, United Arab Emirates 6 days ago, Full Time, 
Marketing Coordinator - Middle East, RELX Group plc - Dubai, United Arab Emirates 26 days ago, Full Time, 
Information Management Associate (SC 6), World Food Program - Other locations - Cairo, Egypt 25 days ago, Full Time, 
Engineer, Inspection, SABIC - Riyadh, Saudi Arabia 18 days ago, Full Time, 
Content Creator & Editor, Bukhash Brothers - Dubai, United Arab Emirates 19 days ago, Full Time, 
Associate Dean, College of Business, University of Doha for Science & Technology - Doha, Qatar 26 days ago, Full Time, 
00002300 - Associate Dean, College of Business Management, American University of Kuwait (AUK) - Doha, Qatar 26 days ago, Full Time, 
00002300 - Associate Dean, College of Business Management, University of Doha for Science & Technology - Doha, Qatar 26 days ago, Full Time, 
Marketing Coordinator Utd.Arab Emir. Dubai, Doka GmbH - Dubai, United Arab Emirates 26 days ago, Full Time, 
Business Transformation Lead- Power Platform _VOIS, _VOIS - Cairo, Egypt 23 days ago, Full Time, 
Freelance Mid weight Designer, M&C Saatchi Group - Dubai, United Arab Emirates 24 days ago, Full Time, 
Assistant Professor - Chemistry, University of Doha for Science & Technology - Doha, Qatar 10 days ago, Full Time, 
F&B Marketing and Communications Assistant Manager, The Lana, Dubai - Dorchester Collection - Dubai, United Arab Emirates 13 days ago, Freelance / Project, 
Bartender, FIVE Hotels and Resorts - Dubai, United Arab Emirates 4 days ago, Full Time, 
Senior ReactJS Developer -FIVE Holdings, FIVE Hotels and Resorts - Dubai, United Arab Emirates 6 days ago, Full Time, 
Concierge Agent, FIVE Hotels & Resorts - Dubai, United Arab Emirates 9 days ago, Full Time, 
Concierge Agent, FIVE Hotels and Resorts - Dubai, United Arab Emirates 10 days ago, Full Time, 
HR Executive, FIVE Hotels and Resorts - Dubai, United Arab Emirates 17 days ago, Full Time, 
In Room Dining (Order Taker) - Russian Speaker, FIVE Hotels and Resorts - Dubai, United Arab Emirates 10 days ago, Full Time, 
Restaurant Reservations Agent, FIVE Hotels and Resorts - Dubai, United Arab Emirates 11 days ago, Full Time, 
Kids Club Manager, FIVE Hotels and Resorts - Dubai, United Arab Emirates 20 days ago, Full Time, 
Receptionist/Secretary - Development, FIVE Hotels and Resorts - Dubai, United Arab Emirates 12 days ago, Full Time, 
Dean, College of Business, University of Doha for Science & Technology - Doha, Qatar 27 days ago, Full Time, 
Server (In Room Dining) - FIVE Jumeirah Village, FIVE Hotels & Resorts - Dubai, United Arab Emirates 3 days ago, Full Time, 
Server (In Room Dining) - FIVE Jumeirah Village, FIVE Hotels and Resorts - Dubai, United Arab Emirates 3 days ago, Full Time, 
Waiter/Waitress - FIVE Jumeirah Village, FIVE Hotels and Resorts - Dubai, United Arab Emirates 3 days ago, Full Time, 
Sports Coach, Englishcollege - Dubai, United Arab Emirates 16 days ago, Full Time, 
Cluster Marketing Manager - North Africa & Turkey, SIG Group - Cairo, Egypt 17 days ago, Full Time, 
Vice President, Applied Research and Graduate Studies, American University of Kuwait (AUK) - Doha, Qatar 24 days ago, Full Time, 
Vice President, Applied Research and Graduate Studies, University of Doha for Science & Technology - Doha, Qatar 24 days ago, Full Time, 
Floor Supervisor, Playa Pacha Beach - FIVE LUXE JBR, FIVE Hotels and Resorts - Dubai, United Arab Emirates 11 days ago, Full Time, 
Hostess, Playa Pacha Beach - FIVE LUXE JBR, FIVE Hotels and Resorts - Dubai, United Arab Emirates 11 days ago, Full Time, 
Revenue and Distribution Manager, FIVE Hotels and Resorts - Dubai, United Arab Emirates 12 days ago, Full Time, 
Waiter, Beach - FIVE LUXE JBR, FIVE Hotels and Resorts - Dubai, United Arab Emirates 12 days ago, Full Time, 
Room Reservations Agent, FIVE Hotels and Resorts - Dubai, United Arab Emirates 13 days ago, Full Time, 
Waiter/Waitress - FIVE Palm Jumeirah, FIVE Hotels and Resorts - Dubai, United Arab Emirates 14 days ago, Full Time, 
Director of Operations - FIVE LUXE JBR, FIVE Hotels and Resorts - Dubai, United Arab Emirates 27 days ago, Full Time, 
Head of English, International Schools Partnership Limited - Dubai, United Arab Emirates 3 days ago, Full Time, 
Stewarding Storekeeper - FIVE LUXE JBR, FIVE Hotels and Resorts - Dubai, United Arab Emirates 28 days ago, Full Time, 
Senior Internal Auditor - Aldar Education, Aldar Education - Dubai, United Arab Emirates 17 days ago, Full Time, 
Sales Agent – Restaurant Reservations, FIVE Hotels and Resorts - Dubai, United Arab Emirates 24 days ago, Full Time, 
Stewarding Team Leader - FIVE LUXE JBR, FIVE Hotels and Resorts - Dubai, United Arab Emirates 30 days ago, Full Time, 
Assistant Director of Revenue, FIVE Hotels and Resorts - Dubai, United Arab Emirates 20 days ago, Full Time, 
IT Specialist, FIVE Hotels and Resorts - Dubai, United Arab Emirates 10 days ago, Full Time, 
Assistant Beach Club Manager, Playa Pacha Beach - FIVE LUXE JBR, FIVE Hotels and Resorts - Dubai, United Arab Emirates 11 days ago, Full Time, 
Residence Supervisor - FIVE Palm Jumeirah, FIVE Hotels and Resorts - Dubai, United Arab Emirates 20 days ago, Full Time, 
Junior Sous Chef - Bakery, FIVE Hotels and Resorts - Dubai, United Arab Emirates 25 days ago, Full Time, 
In Room Dining - Order Taker (Arabic Speaker), FIVE Hotels and Resorts - Dubai, United Arab Emirates 30 days ago, Full Time, 
Digital Marketing Manager - Nightlife Experience, FIVE Hotels and Resorts - Dubai, United Arab Emirates 30 days ago, Full Time, 
Head Hostess, FIVE Hotels and Resorts - Dubai, United Arab Emirates 30 days ago, Full Time, 
In Room Dining - Order Taker (Arabic Speaker), FIVE Hotels & Resorts - Dubai, United Arab Emirates 29 days ago, Full Time, 
Head Waiter/Waitress, FIVE Hotels and Resorts - Dubai, United Arab Emirates 30 days ago, Full Time, 
Junior Sous Chef - Mediterranean Cuisine, FIVE Hotels and Resorts - Dubai, United Arab Emirates 30 days ago, Full Time, 
IT Specialist - FIVE LUXE JBR, FIVE Hotels and Resorts - Dubai, United Arab Emirates 27 days ago, Full Time, 
